{
  "underloaded": {
    "rho": 0.5,
    "bursty": false,
    "variants": {
      "linear": {
        "RL": {
          "mean": 41206.407844190144,
          "ci": 4221.359358871368,
          "std": 5698.299519494237
        },
        "ORACLE-adaptive": {
          "mean": 41672.37636155644,
          "ci": 4186.084484019123,
          "std": 5650.6829141942535
        },
        "rl_margin_pct_vs_adaptive": {
          "mean": 1.1438423817306425,
          "ci": 0.8408520758173443,
          "std": 1.1350436132679191
        },
        "frac_placements_N_gt_8": {
          "mean": 0.0,
          "ci": 0.0,
          "std": 0.0
        },
        "max_depth": {
          "mean": 2.625,
          "ci": 0.6348425001525969,
          "std": 0.8569568250501305
        }
      },
      "default": {
        "RL": {
          "mean": 41206.407844190144,
          "ci": 4221.359358871368,
          "std": 5698.299519494237
        },
        "ORACLE-adaptive": {
          "mean": 41672.37636155644,
          "ci": 4186.084484019123,
          "std": 5650.6829141942535
        },
        "rl_margin_pct_vs_adaptive": {
          "mean": 1.1438423817306425,
          "ci": 0.8408520758173443,
          "std": 1.1350436132679191
        },
        "frac_placements_N_gt_8": {
          "mean": 0.0,
          "ci": 0.0,
          "std": 0.0
        },
        "max_depth": {
          "mean": 2.625,
          "ci": 0.6348425001525969,
          "std": 0.8569568250501305
        }
      },
      "harsh": {
        "RL": {
          "mean": 41206.407844190144,
          "ci": 4221.359358871368,
          "std": 5698.299519494237
        },
        "ORACLE-adaptive": {
          "mean": 41672.37636155644,
          "ci": 4186.084484019123,
          "std": 5650.6829141942535
        },
        "rl_margin_pct_vs_adaptive": {
          "mean": 1.1438423817306425,
          "ci": 0.8408520758173443,
          "std": 1.1350436132679191
        },
        "frac_placements_N_gt_8": {
          "mean": 0.0,
          "ci": 0.0,
          "std": 0.0
        },
        "max_depth": {
          "mean": 2.625,
          "ci": 0.6348425001525969,
          "std": 0.8569568250501305
        }
      },
      "hardcap8": {
        "RL": {
          "mean": 41206.407844190144,
          "ci": 4221.359358871368,
          "std": 5698.299519494237
        },
        "ORACLE-adaptive": {
          "mean": 41672.37636155644,
          "ci": 4186.084484019123,
          "std": 5650.6829141942535
        },
        "rl_margin_pct_vs_adaptive": {
          "mean": 1.1438423817306425,
          "ci": 0.8408520758173443,
          "std": 1.1350436132679191
        },
        "frac_placements_N_gt_8": {
          "mean": 0.0,
          "ci": 0.0,
          "std": 0.0
        },
        "max_depth": {
          "mean": 2.625,
          "ci": 0.6348425001525969,
          "std": 0.8569568250501305
        }
      }
    }
  },
  "light": {
    "rho": 0.75,
    "bursty": false,
    "variants": {
      "linear": {
        "RL": {
          "mean": 44787.33994707845,
          "ci": 4777.701967996699,
          "std": 6449.291451889358
        },
        "ORACLE-adaptive": {
          "mean": 45533.89394089225,
          "ci": 4735.343495622504,
          "std": 6392.112888716543
        },
        "rl_margin_pct_vs_adaptive": {
          "mean": 1.684185258309378,
          "ci": 1.1019404455523454,
          "std": 1.4874797849669474
        },
        "frac_placements_N_gt_8": {
          "mean": 0.0,
          "ci": 0.0,
          "std": 0.0
        },
        "max_depth": {
          "mean": 3.625,
          "ci": 0.5155821951929682,
          "std": 0.6959705453537527
        }
      },
      "default": {
        "RL": {
          "mean": 44787.33994707845,
          "ci": 4777.701967996699,
          "std": 6449.291451889358
        },
        "ORACLE-adaptive": {
          "mean": 45533.89394089225,
          "ci": 4735.343495622504,
          "std": 6392.112888716543
        },
        "rl_margin_pct_vs_adaptive": {
          "mean": 1.684185258309378,
          "ci": 1.1019404455523454,
          "std": 1.4874797849669474
        },
        "frac_placements_N_gt_8": {
          "mean": 0.0,
          "ci": 0.0,
          "std": 0.0
        },
        "max_depth": {
          "mean": 3.625,
          "ci": 0.5155821951929682,
          "std": 0.6959705453537527
        }
      },
      "harsh": {
        "RL": {
          "mean": 44787.33994707845,
          "ci": 4777.701967996699,
          "std": 6449.291451889358
        },
        "ORACLE-adaptive": {
          "mean": 45533.89394089225,
          "ci": 4735.343495622504,
          "std": 6392.112888716543
        },
        "rl_margin_pct_vs_adaptive": {
          "mean": 1.684185258309378,
          "ci": 1.1019404455523454,
          "std": 1.4874797849669474
        },
        "frac_placements_N_gt_8": {
          "mean": 0.0,
          "ci": 0.0,
          "std": 0.0
        },
        "max_depth": {
          "mean": 3.625,
          "ci": 0.5155821951929682,
          "std": 0.6959705453537527
        }
      },
      "hardcap8": {
        "RL": {
          "mean": 44787.33994707845,
          "ci": 4777.701967996699,
          "std": 6449.291451889358
        },
        "ORACLE-adaptive": {
          "mean": 45533.89394089225,
          "ci": 4735.343495622504,
          "std": 6392.112888716543
        },
        "rl_margin_pct_vs_adaptive": {
          "mean": 1.684185258309378,
          "ci": 1.1019404455523454,
          "std": 1.4874797849669474
        },
        "frac_placements_N_gt_8": {
          "mean": 0.0,
          "ci": 0.0,
          "std": 0.0
        },
        "max_depth": {
          "mean": 3.625,
          "ci": 0.5155821951929682,
          "std": 0.6959705453537527
        }
      }
    }
  },
  "critical": {
    "rho": 0.9,
    "bursty": false,
    "variants": {
      "linear": {
        "RL": {
          "mean": 47074.55447732976,
          "ci": 4292.107234981784,
          "std": 5793.8001756035055
        },
        "ORACLE-adaptive": {
          "mean": 47511.528118299364,
          "ci": 4295.751979569664,
          "std": 5798.72011834426
        },
        "rl_margin_pct_vs_adaptive": {
          "mean": 0.8959923039650421,
          "ci": 2.009032808556063,
          "std": 2.711939381229072
        },
        "frac_placements_N_gt_8": {
          "mean": 0.0,
          "ci": 0.0,
          "std": 0.0
        },
        "max_depth": {
          "mean": 4.625,
          "ci": 1.04356360611129,
          "std": 1.4086784586980805
        }
      },
      "default": {
        "RL": {
          "mean": 47074.55447732976,
          "ci": 4292.107234981784,
          "std": 5793.8001756035055
        },
        "ORACLE-adaptive": {
          "mean": 47511.528118299364,
          "ci": 4295.751979569664,
          "std": 5798.72011834426
        },
        "rl_margin_pct_vs_adaptive": {
          "mean": 0.8959923039650421,
          "ci": 2.009032808556063,
          "std": 2.711939381229072
        },
        "frac_placements_N_gt_8": {
          "mean": 0.0,
          "ci": 0.0,
          "std": 0.0
        },
        "max_depth": {
          "mean": 4.625,
          "ci": 1.04356360611129,
          "std": 1.4086784586980805
        }
      },
      "harsh": {
        "RL": {
          "mean": 47074.55447732976,
          "ci": 4292.107234981784,
          "std": 5793.8001756035055
        },
        "ORACLE-adaptive": {
          "mean": 47511.528118299364,
          "ci": 4295.751979569664,
          "std": 5798.72011834426
        },
        "rl_margin_pct_vs_adaptive": {
          "mean": 0.8959923039650421,
          "ci": 2.009032808556063,
          "std": 2.711939381229072
        },
        "frac_placements_N_gt_8": {
          "mean": 0.0,
          "ci": 0.0,
          "std": 0.0
        },
        "max_depth": {
          "mean": 4.625,
          "ci": 1.04356360611129,