{
  "underloaded": {
    "rho": 0.5,
    "bursty": false,
    "RL": {
      "mean": 41206.407844190144,
      "ci": 4221.359358871368,
      "std": 5698.299519494237
    },
    "ORACLE-fixedN": {
      "mean": 42031.34087764995,
      "ci": 4390.239637597863,
      "std": 5926.266467888919,
      "rl_margin_pct": {
        "mean": 1.895397228743394,
        "ci": 1.3659873133460754,
        "std": 1.843909553664784
      }
    },
    "ORACLE-library": {
      "mean": 41770.42187357333,
      "ci": 4281.437828346235,
      "std": 5779.39783040234,
      "rl_margin_pct": {
        "mean": 1.3360946658142658,
        "ci": 0.8458056842711025,
        "std": 1.1417303561562004
      }
    },
    "ORACLE-adaptive": {
      "mean": 41672.37636155644,
      "ci": 4186.084484019123,
      "std": 5650.6829141942535,
      "rl_margin_pct": {
        "mean": 1.1438423817306425,
        "ci": 0.8408520758173443,
        "std": 1.1350436132679191
      }
    }
  },
  "light": {
    "rho": 0.75,
    "bursty": false,
    "RL": {
      "mean": 44787.33994707845,
      "ci": 4777.701967996699,
      "std": 6449.291451889358
    },
    "ORACLE-fixedN": {
      "mean": 46404.43589801464,
      "ci": 4764.386732780597,
      "std": 6431.317573812759,
      "rl_margin_pct": {
        "mean": 3.548536606785814,
        "ci": 1.1237862795123488,
        "std": 1.5169688889674469
      }
    },
    "ORACLE-library": {
      "mean": 46017.73479409556,
      "ci": 4722.478531812464,
      "std": 6374.746819906741,
      "rl_margin_pct": {
        "mean": 2.7435131772680594,
        "ci": 1.3289349266500432,
        "std": 1.7938935329101415
      }
    },
    "ORACLE-adaptive": {
      "mean": 45533.89394089225,
      "ci": 4735.343495622504,
      "std": 6392.112888716543,
      "rl_margin_pct": {
        "mean": 1.684185258309378,
        "ci": 1.1019404455523454,
        "std": 1.4874797849669474
      }
    }
  },
  "critical": {
    "rho": 0.9,
    "bursty": false,
    "RL": {
      "mean": 47074.55447732976,
      "ci": 4292.107234981784,
      "std": 5793.8001756035055
    },
    "ORACLE-fixedN": {
      "mean": 49147.18659168258,
      "ci": 4839.776512082384,
      "std": 6533.084210255908,
      "rl_margin_pct": {
        "mean": 4.099067426136569,
        "ci": 1.2484753151288135,
        "std": 1.6852832662417534
      }
    },
    "ORACLE-library": {
      "mean": 48582.27759890219,
      "ci": 4502.952403023331,
      "std": 6078.41439997981,
      "rl_margin_pct": {
        "mean": 3.0680722979136577,
        "ci": 1.0825590533191671,
        "std": 1.4613173646040964
      }
    },
    "ORACLE-adaptive": {
      "mean": 47511.528118299364,
      "ci": 4295.751979569664,
      "std": 5798.72011834426,
      "rl_margin_pct": {
        "mean": 0.8959923039650421,
        "ci": 2.009032808556063,
        "std": 2.711939381229072
      }
    }
  },
  "critical_bursty": {
    "rho": 0.9,
    "bursty": true,
    "RL": {
      "mean": 40906.95388840647,
      "ci": 3554.3243150513304,
      "std": 4797.886845150923
    },
    "ORACLE-fixedN": {
      "mean": 42002.6797483072,
      "ci": 3735.641981958191,
      "std": 5042.642689507047,
      "rl_margin_pct": {
        "mean": 2.5595628730856714,
        "ci": 0.9815123366832239,
        "std": 1.3249171181661785
      }
    },
    "ORACLE-library": {
      "mean": 41702.7212139396,
      "ci": 3702.005415669891,
      "std": 4997.237592896342,
      "rl_margin_pct": {
        "mean": 1.8714273073488297,
        "ci": 0.6618400926310428,
        "std": 0.8934001493845365
      }
    },
    "ORACLE-adaptive": {
      "mean": 41214.83988908565,
      "ci": 3937.375199202687,
      "std": 5314.956936450874,
      "rl_margin_pct": {
        "mean": 0.6125785207131818,
        "ci": 0.9228699563650464,
        "std": 1.2457573454055832
      }
    }
  },
  "overloaded": {
    "rho": 1.5,
    "bursty": false,
    "RL": {
      "mean": 55399.70315064179,
      "ci": 5429.368295582466,
      "std": 7328.958309331547
    },
    "ORACLE-fixedN": {
      "mean": 57192.36040913791,
      "ci": 6577.539938772644,
      "std": 8878.84434519767,
      "rl_margin_pct": {
        "mean": 2.767277759389627,
        "ci": 2.6438112303206958,
        "std": 3.568809708585852
      }
    },
    "ORACLE-library": {
      "mean": 58090.91653883997,
      "ci": 8098.243280002488,
      "std": 10931.600905809488,
      "rl_margin_pct": {
        "mean": 3.762904907161946,
        "ci": 3.528554098495294,
        "std": 4.763100322579724
      }
    },
    "ORACLE-adaptive": {
      "mean": 55476.96439049256,
      "ci": 6053.94436728834,
      "std": 8172.056758604705,
      "rl_margin_pct": {
        "mean": -0.08307355923616311,
        "ci": 1.8966229618562298,
        "std": 2.56020035098282
      }
    }
  },
  "overloaded_bursty": {
    "rho": 1.5,
    "bursty": true,
    "RL": {
      "mean": 42689.85250047656,
      "ci": 4137.774910736809,
      "std": 5585.471119883716
    },
    "ORACLE-fixedN": {
      "mean": 44317.10660335447,
      "ci": 4758.581908587551,
      "std": 6423.481797680487,
      "rl_margin_pct": {
        "mean": 3.4838634243339186,
        "ci": 1.3532735334185217,
        "std": 1.826747563913809
      }
    },
    "ORACLE-library": {
      "mean": 43844.801563960296,
      "ci": 4541.525005948322,
      "std": 6130.4825197553055,
      "rl_margin_pct": {
        "mean": 2.508664308501271,
        "ci": 1.2278810430431333,
        "std": 1.6574836119707792
      }
    },
    "ORACLE-adaptive": {
      "mean": 43493.47687024174,
      "ci": 4566.068202598865,
      "std": 6163.612721140964,
      "rl_margin_pct": {
        "mean": 1.6823201087056432,
        "ci": 1.619363522722698,
        "std": 2.1859352874151794
      }
    }
  }
}