{
  "rho": 1.5,
  "n_seeds": 20,
  "aggregate_ratio_of_means": {
    "pt": 65.93895795424027,
    "ci": [
      31.454555107842815,
      122.25156683688112
    ]
  },
  "median_per_seed": {
    "pt": 59.94219501484809,
    "ci": [
      3.3695280872830757,
      206.30576361672144
    ]
  },
  "mean_per_seed": {
    "pt": 159.89821703456832,
    "ci": [
      78.0431754845249,
      251.87480344386643
    ]
  },
  "per_seed_gap": [
    36.616059237477636,
    0.0,
    486.07808313579187,
    1.0794229396170125,
    0.0,
    12.789872486969486,
    73.62500782191019,
    0.40132989290938437,
    79.48996880117171,
    517.538034298447,
    305.99311497373867,
    175.41418661749066,
    402.3130730246166,
    5.659633234949139,
    237.16382025935152,
    641.6800366602074,
    0.4156081248407367,
    46.25938220778599,
    175.44770697409137,
    0.0
  ],
  "asym_jct": [
    51263.60040987018,
    51556.66502947114,
    72522.31531954526,
    47235.16528409004,
    54628.03039495155,
    48596.608390036134,
    62947.15846577892,
    58198.65765964889,
    38806.31388258247,
    52997.119157002024,
    53317.871613110976,
    54408.46874493863,
    58691.070830254495,
    65300.759835883815,
    68503.09470476306,
    71348.11007422379,
    67969.61604577278,
    46683.977486155025,
    54039.8809866062,
    61372.11320976394
  ],
  "unc_jct": [
    37523.84653458598,
    51556.66502947114,
    12374.172897153388,
    46730.742925103026,
    54628.03039495155,
    43085.968020444794,
    36254.661269962206,
    57966.02268289181,
    21620.32460185549,
    8582.00081833167,
    13132.703399800215,
    19755.14384831015,
    11684.161528357883,
    61802.94009792589,
    20317.451217651243,
    9619.796481985013,
    67688.29797980232,
    31918.62072809292,
    19618.925704721583,
    61372.11320976394
  ]
}