{
  "mean_gap_pct": 10.463756898916767,
  "by_load": [
    {
      "load": "underloaded",
      "asymmetric": 43954.79990048263,
      "unconstrained": 43911.94453322894,
      "gap": 42.85536725368729,
      "gap_pct": 0.09759387271328393
    },
    {
      "load": "critical",
      "asymmetric": 47820.977330867914,
      "unconstrained": 47526.058307928324,
      "gap": 294.9190229395899,
      "gap_pct": 0.6205417268748992
    },
    {
      "load": "critical_bursty",
      "asymmetric": 39786.902422213316,
      "unconstrained": 38053.59031741196,
      "gap": 1733.3121048013563,
      "gap_pct": 4.554923964712614
    },
    {
      "load": "overloaded",
      "asymmetric": 55320.39956798531,
      "unconstrained": 40503.442998625476,
      "gap": 14816.956569359834,
      "gap_pct": 36.58196803136627
    }
  ],
  "seeds": [
    20000,
    20001,
    20002,
    20003,
    20004
  ]
}