{
  "tune": {
    "num_jobs": 60,
    "rho": 0.9
  },
  "test": {
    "num_jobs": 70,
    "rho": 1.5
  },
  "seeds": [
    20000,
    20001,
    20002,
    20003,
    20004
  ],
  "oracle": 55320.39956798531,
  "lambda": {
    "config": "lambda=1.0",
    "gap_pct": 4.3674260768635715
  },
  "aimd": {
    "config": "AIMD(ai=1.0,md=0.7,hi=0.5,lo=0.25)",
    "gap_pct": 6.1900599558895735
  },
  "threshold": {
    "config": "THR(up=0.75,down=0.5,step=1)",
    "gap_pct": 12.12616990112923
  },
  "fixedN": {
    "Fixed-N2": 63853.1075482338,
    "Fixed-N4": 59460.37300496077,
    "Fixed-N8": 70461.79966567825
  },
  "load_adaptive": 59759.30187064807
}