{
  "rho": 1.5,
  "seeds": [
    20000,
    20001,
    20002,
    20003,
    20004
  ],
  "fixed": {
    "Fixed-N1": 120120.36519370697,
    "Fixed-N2": 63853.1075482338,
    "Fixed-N4": 59460.37300496077,
    "Fixed-N8": 70461.79966567825
  },
  "load_adaptive": 59759.30187064807,
  "lambda": {
    "0.0": 120120.36519370697,
    "0.25": 63797.50895479651,
    "0.5": 62357.791801436164,
    "0.75": 62809.77094658385,
    "1.0": 57736.477124542624
  },
  "best_lambda": 1.0,
  "oracle_asymmetric": 55320.39956798531,
  "oracle_unconstrained": 40503.442998625476,
  "fraction_headroom_closed_pct": 41.640264283376,
  "controller_gap_to_asym_pct": 4.3674260768635715,
  "free_eviction_value_pct": 36.58196803136627
}